{"cameraMode":{"drawMode":0,"name":"Shaded","section":"Shading Mode"},"sceneLighting":true,"audioPlay":false,"sceneViewState":{"showFog":true,"showMaterialUpdate":false,"showSkybox":true,"showFlares":true,"showImageEffects":true,"showParticleSystems":true},"in2DMode":false,"pivot":{"x":-6.813647747039795,"y":7.258988380432129,"z":13.53990650177002},"rotation":{"x":0.15554872155189515,"y":-0.14051327109336854,"z":0.022521845996379854,"w":0.9776409268379211},"size":53.53945541381836,"orthographic":false}